Student_ID,Subject_ID,Class_ID,Graded
51300001,5101,5020002,-1.000000
51300001,5101,5020002,-1.000000
51300001,5003,5003001,-1.000000
51300001,5100,5100001,-1.000000
